episode,timestep,episode_reward,episode_steps,avg_reward_100,alpha,q1_loss,q2_loss,actor_loss,alpha_loss,log_probs_mean,log_probs_min,log_probs_max,mu_mean,mu_min,mu_max,log_std_mean,log_std_min,log_std_max
1,1000,9.750469804777032,1000,9.750469804777032,0.5,0,0,0,0,0.0,0.0,0.0,0.0,0.0,0.0,0.0,0.0,0.0
2,2000,0.9461812059587479,1000,5.34832550536789,0.5,0,0,0,0,0.0,0.0,0.0,0.0,0.0,0.0,0.0,0.0,0.0
3,3000,7.408746824717411,1000,6.03513261181773,0.5,0,0,0,0,0.0,0.0,0.0,0.0,0.0,0.0,0.0,0.0,0.0
4,4000,10.12183447192334,1000,7.056808076844132,0.5,0,0,0,0,0.0,0.0,0.0,0.0,0.0,0.0,0.0,0.0,0.0
5,5000,9.247878578251184,1000,7.495022177125543,0.5,0,0,0,0,0.0,0.0,0.0,0.0,0.0,0.0,0.0,0.0,0.0
6,6000,6.101661563176138,1000,7.262795408133975,0.5,0,0,0,0,0.0,0.0,0.0,0.0,0.0,0.0,0.0,0.0,0.0
7,7000,0.3959080736901422,1000,6.281811503213428,0.5,0,0,0,0,0.0,0.0,0.0,0.0,0.0,0.0,0.0,0.0,0.0
8,8000,4.421062328566925,1000,6.049217856382615,0.5,0,0,0,0,0.0,0.0,0.0,0.0,0.0,0.0,0.0,0.0,0.0
9,9000,2.4418513799322223,1000,5.648399358999239,0.5,0,0,0,0,0.0,0.0,0.0,0.0,0.0,0.0,0.0,0.0,0.0
10,10000,11.433555455936764,1000,6.2269149686929905,0.5,0,0,0,0,0.0,0.0,0.0,0.0,0.0,0.0,0.0,0.0,0.0
11,11000,6.539105042807933,1000,6.2552958845216216,0.5,0,0,0,0,0.0,0.0,0.0,0.0,0.0,0.0,0.0,0.0,0.0
12,12000,5.592617781860053,1000,6.200072709299825,0.5,0,0,0,0,0.0,0.0,0.0,0.0,0.0,0.0,0.0,0.0,0.0
13,13000,7.459778572457195,1000,6.29697316031193,0.5,0,0,0,0,0.0,0.0,0.0,0.0,0.0,0.0,0.0,0.0,0.0
14,14000,4.873430679248617,1000,6.1952915545216936,0.5,0,0,0,0,0.0,0.0,0.0,0.0,0.0,0.0,0.0,0.0,0.0
15,15000,6.844477951590959,1000,6.238570647659644,0.5,0,0,0,0,0.0,0.0,0.0,0.0,0.0,0.0,0.0,0.0,0.0
16,16000,2.112836833671378,1000,5.980712284285377,0.5,0,0,0,0,0.0,0.0,0.0,0.0,0.0,0.0,0.0,0.0,0.0
17,17000,2.7840841749019036,1000,5.792675336674584,0.5,0,0,0,0,0.0,0.0,0.0,0.0,0.0,0.0,0.0,0.0,0.0
18,18000,5.451634680295645,1000,5.773728633542421,0.5,0,0,0,0,0.0,0.0,0.0,0.0,0.0,0.0,0.0,0.0,0.0
19,19000,5.525046452604398,1000,5.760640097703578,0.5,0,0,0,0,0.0,0.0,0.0,0.0,0.0,0.0,0.0,0.0,0.0
20,20000,5.0340173665529635,1000,5.724308961146047,0.5001500248908997,0.23984594345092775,0.24077208042144777,-0.09767744541168213,0.23047196865081787,-0.1924992322921753,-0.7086755275726319,0.0,9.114025160670281e-05,-0.001168719120323658,0.0013570402748882772,-0.07503519654273988,-0.07588008642196656,-0.07424278855323792
21,21000,0.696911672868884,1000,5.484909090275705,0.4349382519721985,0.1538021938276068,0.18521765223279185,-10.872979733862884,-1.5869277564323994,-14.233046708028152,-17.72417833762883,-10.606577260070125,0.0008131582359348173,-0.19580207592974608,0.18758760269772345,-0.08692699388394651,-0.309326164096038,0.5366218345996097
22,22000,6.9968661456299275,1000,5.553634410973625,0.37852829694747925,1.2309899196890834,1.2325229318078426,-16.622621092265558,-0.8933195532994564,-12.308868848666268,-23.150185357999007,-2.9787827281597012,0.3410066016006216,-2.769217183790969,3.921673145736837,0.626389542541598,-0.3015316764661503,1.8592652979535826
23,23000,5.119556407111959,1000,5.534761454283987,0.35852712392807007,1.3328180731696118,1.3321263564680508,-23.522684420059367,-0.4079647209260709,-11.265628536828558,-23.82679469428218,-1.5934671713409188,0.41903558878461833,-6.494316048327728,6.912016353119743,0.7690767736627943,0.103912115477464,1.9115547431876252
24,24000,9.15447804531381,1000,5.68558297891023,0.3416503071784973,1.461235756330066,1.4288233193658977,-30.027496052599584,-0.45657785718639565,-11.333401723063652,-23.934003483646233,-1.8759961938442422,0.15437905614312972,-7.477248701392973,7.162523081186278,0.8078760643100295,0.1470683887067921,1.8271295275057
25,25000,9.233866768755751,1000,5.8275143305040515,0.32257261872291565,1.249115727591254,1.6432387451134116,-35.81144889057438,-0.29828526136533273,-11.018429575161525,-23.15987915831266,-1.4095638427406958,0.09298739016844845,-9.289935990825498,8.967047476748686,0.7729875679272952,0.10542282496735779,1.8920732383229035
26,26000,10.963159478978726,1000,6.025039143906923,0.3032158613204956,1.5552861247680312,1.5046041025007033,-41.078171723450765,-0.3693592700378282,-11.107091019416984,-23.54581052563047,-1.3183709425143313,0.08693688900887987,-8.918707227967541,8.614075535785995,0.7633739907657028,0.11320082643462398,1.8671227212000971
27,27000,4.8882536904535705,1000,5.982935978964207,0.2819979786872864,1.4805125304764213,2.823396876039886,-45.600113581316194,-0.3383343774296818,-11.020454768186218,-23.30597780143609,-1.538370619118624,0.22991004776531354,-8.341529848425226,8.598398936778722,0.728083982136726,0.05992934212151739,1.8239313757311586
28,28000,5.4408141491913655,1000,5.963574485043749,0.26002606749534607,1.744020005116772,1.8982898586633046,-49.632463386786185,-0.2771191131505618,-10.916548016243128,-23.054027181821418,-1.5903470705416018,0.21419226517372725,-8.288429066659353,8.494342038662557,0.6770785574124499,0.06599822843339948,1.7010184810372766
29,29000,7.398455907777868,1000,6.013053154793201,0.24032388627529144,1.7390041761447366,1.4052895898517455,-53.06691949240058,-0.2985823017431682,-10.908281297065365,-23.417386426782436,-2.0296079604417017,0.10852667039822267,-8.875379095115722,8.693030852831779,0.6047103438534922,-0.01723088358418774,1.689133637026565
30,30000,0.27457665024895056,1000,5.821770604641726,0.22745822370052338,1.7467944329729492,2.124816665583804,-56.33386844628203,-0.09753394189585206,-10.622544029233106,-22.884379356013664,-1.2862080827046012,0.00870545097660896,-9.309478433781715,9.15496075647385,0.580269816435332,-0.08559797623677548,1.599902386506184
31,31000,1.1067979002950483,1000,5.669674710953124,0.2255462259054184,2.1265825373617595,1.7485430678834917,-59.43233848267806,-0.004493803576342392,-10.506441043856247,-24.01753906737863,-1.2444704243567024,0.029354663017394967,-10.309359678724881,10.310830592233748,0.5319939373587087,-0.17048641173471338,1.6965455560108849
32,32000,9.828876795428798,1000,5.799649776092988,0.22237466275691986,1.9135151523251297,1.4510841153552771,-62.29433924998915,-0.11449243447385755,-10.65632895355343,-22.641334621970486,-1.5441135234565266,0.04405057703841435,-10.008005776139592,10.640807870083488,0.49753466198016755,-0.15042047467119046,1.7572011983919236
33,33000,1.7403100375764426,1000,5.676639480986426,0.21441492438316345,1.6350196045366998,2.35717755013238,-64.76972100247681,-0.06795228592002844,-10.58368105763268,-22.941191348151982,-1.7311972444466015,0.07112877855198695,-9.533506541523156,10.287674183090168,0.4585889683652007,-0.1788138440266077,1.6519268829137654
34,34000,8.045389505269702,1000,5.7463085993476986,0.20854544639587402,2.111168656986171,3.9185522725120414,-67.11767247867627,0.006398009804096704,-10.494531977311066,-22.768855598793024,-1.4660471200891134,-0.02439287608183431,-10.702285605280684,11.027287325107737,0.4121286249096896,-0.22719331520536448,1.6864229949938154
35,35000,0.6695051235277324,1000,5.601257071467128,0.22240211069583893,2.019756003144349,1.9961490485822737,-69.67267295387616,0.03668790619747283,-10.449242057735315,-22.424654482107872,-1.4481433831610215,0.1418482852947302,-13.458341807207491,14.004479371638736,0.39886506676072997,-0.31768861584087976,1.8715937425825904
36,36000,10.519983124471475,1000,5.737888350717249,0.22028055787086487,1.949689849958167,2.64193681186065,-72.06670675476624,0.01318812286973296,-10.485196233158383,-23.26591549101461,-1.3535273360406495,0.1429800693753916,-10.895790822742288,11.496271564322438,0.37891307137855906,-0.32741774575914784,1.7854537933077193
37,37000,6.108213661558387,1000,5.747897142902144,0.22982840240001678,1.909907510590835,4.7871420385326875,-74.57241468636263,0.01366756274318037,-10.488896317497941,-22.62009312402862,-1.2238570008747418,0.0851290681008027,-12.606685120611935,13.021050116988057,0.38086067927196354,-0.3771042271748448,1.7004613714056982
38,38000,4.275622840755563,1000,5.7091530823193395,0.22953958809375763,1.956720704791528,2.988063718164388,-77.00744236277096,-0.009819904738668046,-10.510679748086774,-22.81215333980459,-1.336868172029256,0.052057750672717874,-10.740811145088514,11.137675172700996,0.3445275641827906,-0.3352132449503162,1.615081937229888
39,39000,14.378111392857623,1000,5.931434064640834,0.24372191727161407,2.4945772072119627,2.6563141447784053,-79.55825600521305,0.009143592866912163,-10.489579742415458,-22.220357281313145,-1.4354758604210698,0.09781472923927027,-12.60353874337488,12.237144056234813,0.34140975038306237,-0.38554823183801457,1.5932428585493004
40,40000,10.060306658405366,1000,6.034655879484947,0.24859648942947388,1.936600925177999,5.567676306642679,-82.0220911769979,-0.015798629041967247,-10.5193976874705,-22.4527526808411,-1.109337215504956,0.14579515079891253,-12.748094349127328,13.153260382624772,0.32844065441165365,-0.4255014093153919,1.6930158253017045
41,41000,5.760053257231988,1000,6.027958254551948,0.2511792778968811,2.0687696411467043,5.923917798431869,-84.50392877741983,0.0030182311305355118,-10.499304142853958,-22.791872102176594,-1.3302778751698843,0.10097096835434585,-14.193131465683914,14.009880628005687,0.3177279691378768,-0.4947828360762709,1.6287525999345918
42,42000,2.711603915499813,1000,5.948997436955469,0.2488260567188263,2.5697303962140534,3.0850673008666885,-87.02368560991628,0.016495499584123545,-10.481377123332681,-22.502608291140618,-1.406552246508204,0.08900038474578509,-12.396512930373808,12.572610524724311,0.2854903885978014,-0.503445645625253,1.569133953869838
43,43000,9.158618144802432,1000,6.0236397789984215,0.25889620184898376,3.1526024790578844,2.3406578444092676,-89.57602520245284,-0.04293132697076221,-10.561328890392316,-23.169517160939524,-1.4046214622080273,0.07211893794368171,-13.066175455433704,13.243256968289332,0.29692609430810374,-0.5573340893775742,1.6456820137195156
44,44000,10.19137273838311,1000,6.118360982620801,0.26263126730918884,2.4291760552099593,6.100561444907906,-91.95138665955008,-0.026322780157668063,-10.526098526092273,-22.979058403126622,-1.3040467960326114,0.07965450199352818,-12.054960833056983,12.114364322867933,0.2849642185756124,-0.5200075279391213,1.5967227928519947
45,45000,13.48156457249277,1000,6.2819877290624,0.26135361194610596,6.265692170116623,2.649559445946657,-94.24702255640628,0.008881298222778146,-10.497508034001623,-22.23851830855519,-1.6441074450278497,0.07439001057980373,-11.89481760387837,12.06014259600551,0.28908751566043145,-0.5111288153035045,1.6686614366303005
46,46000,1.366978496417883,1000,6.1751397022657795,0.2706470787525177,3.429538474281402,4.292777570920488,-96.92332682102409,-0.0008003438300220895,-10.506689409817964,-22.395340636048545,-1.3498123974273946,0.08689061597032335,-11.7399679606771,11.755234006223729,0.27821487076206824,-0.5485876212743065,1.7224689504604584
47,47000,8.549446983936386,1000,6.225656878471537,0.27250486612319946,3.721712161955882,3.002767519510695,-99.50449408891814,-0.025203790877537692,-10.525934763603347,-21.804895758114036,-1.5892206892075114,0.07130026426224248,-11.427886425055917,11.78472966490464,0.2726693087802748,-0.5446305310899149,1.643122611855578
48,48000,16.600069488868822,1000,6.441790474521482,0.28314560651779175,3.1630142818909706,4.710878816660781,-102.02175388497625,-0.019539504952779545,-10.536908484425258,-22.02542942157259,-1.5702833272098016,0.06467464968122294,-12.810474296479452,11.946140005631182,0.26299013347191363,-0.5949946040498976,1.701750588798296
49,49000,8.118093992461807,1000,6.476000750397815,0.28720012307167053,3.3843316406581376,4.281571246737526,-104.55090611564019,0.05814619158249936,-10.408961487025131,-22.939568326639343,-1.3084287259309229,0.13613455680901296,-12.51881551946649,12.817736388026336,0.2502885943663798,-0.6405048889376961,1.7282826165137115
50,50000,1.022403156020349,1000,6.366928798510266,0.29119130969047546,3.6345625209808166,5.948435014853757,-107.00971089176592,-0.006272621284944562,-10.510682526415028,-22.020134927220383,-1.415005066068734,0.022338138596014544,-12.01120225323443,12.414932087706461,0.2606323283921188,-0.6522527593622391,1.6953358669909333
51,51000,7.492853353026365,1000,6.3890057505596,0.29460299015045166,4.722050268426136,5.09079113237593,-109.45788586971464,-0.008568517990133289,-10.51492543558771,-22.15946340237452,-1.5728287915557748,0.04162712510535459,-12.172035492184706,12.869431065268934,0.22788232877922987,-0.6980307676789842,1.704990566628377
52,52000,8.390102804240419,1000,6.427488386207309,0.2980993688106537,4.508404564476545,4.404599425801762,-111.9836518832912,-0.01602850783131916,-10.523595417942163,-22.582509544610858,-1.5878986529783223,0.040316323967712224,-11.805771595963208,12.304085581002692,0.22977064746233447,-0.7171578638641933,1.6938573415282547
53,53000,8.915867902834174,1000,6.474438943124797,0.3013205826282501,4.194459773887327,3.3065980084923603,-114.52433743249335,0.054167938191994336,-10.41404138996254,-22.67192011962763,-1.2740858103362787,0.030803387738775716,-10.75941077522186,11.464251381128573,0.20445365216187664,-0.7453928276336074,1.6261344585101807
54,54000,2.502558874207253,1000,6.400885608515212,0.30745482444763184,3.3755197441426703,8.848547118485534,-116.90186744377596,-0.0200036601002227,-10.537873689736504,-22.778976386698798,-1.4908294419290609,0.03767699874003389,-11.61764561110213,11.164621198397699,0.23888674598645787,-0.6887700733313827,1.6830489051458324
55,55000,2.6347650377999967,1000,6.332410689047663,0.31191426515579224,4.825991555570988,3.5985108296723354,-119.61553837770882,0.002036046134174241,-10.503577992762386,-22.648151375101154,-1.594311610402469,0.03718393651533059,-11.688059460873829,12.22108908593977,0.2335291601294354,-0.7146128362961028,1.7030410139073036
56,56000,3.6649332771633376,1000,6.284777163835443,0.3145873546600342,3.817490123259506,9.434464405271386,-121.88139499248865,-0.0009862216710128137,-10.503061225255976,-22.35440407298404,-1.680763772725142,0.01780403231074675,-10.795419497796757,12.122011070476566,0.2506158073860464,-0.7017934786181264,1.6655162847952292
57,57000,9.827885451615995,1000,6.346936958357909,0.32085052132606506,7.010401785904579,5.355692423380912,-124.51617994159363,0.025614420098796664,-10.45624870340522,-22.80263638629868,-1.6874700839593602,0.0405661556937562,-11.276498782825946,11.361426613924989,0.24969357978061466,-0.6401012132591405,1.6949231832947924
58,58000,3.4353895190051422,1000,6.296737864575965,0.3309074640274048,5.0320514442562585,4.589116425633994,-127.36842164266156,0.0022252058535180423,-10.49997781090554,-22.785876462363746,-1.402764558623148,0.042649330793184906,-11.544415091528897,11.84758912341119,0.22937926242379808,-0.7332626285053341,1.766614660629351
59,59000,17.736735108692667,1000,6.490636122950823,0.33919593691825867,4.958486110608751,5.057210619702812,-130.02915421325423,0.022044790893818913,-10.463663003994586,-22.237758656377103,-1.304345765427593,0.0915925748741599,-10.785130152695192,11.707724148697618,0.22295319584739048,-0.7381981918498808,1.664540676266496
60,60000,7.09214533127527,1000,6.500661276422898,0.3420877754688263,6.150153522382809,5.331455450797692,-132.64652815262033,-0.008866454933201012,-10.511909792790576,-22.18307372417193,-1.5016291710904404,0.11041465955477624,-11.49352676795946,12.433356016560994,0.2367404525067813,-0.7476584365862836,1.7447469911688445
61,61000,8.694798098671955,1000,6.536630732525341,0.3471665382385254,5.336334896472699,6.935494864875496,-135.20328473685584,0.032001555114053115,-10.429671476684861,-22.214396994205828,-1.6704230656018844,0.10763742860498125,-10.755480206143316,11.250747367419315,0.2082620596442812,-0.8162638770270109,1.7022865833055392
62,62000,9.139168371822631,1000,6.578607146062394,0.3520825505256653,5.889976063355878,4.567953923899006,-138.07146523775253,0.03264735558591046,-10.435064790865239,-22.30225180772341,-1.36020547799496,0.0970732675205495,-11.501698582269958,11.224698967393254,0.20380048346850363,-0.7580012726123971,1.6082403204352678
63,63000,0.8321142508892533,1000,6.487392973123138,0.35516059398651123,8.01444614396243,7.1267247952884265,-140.5504753941708,0.032571318508157227,-10.440393962214916,-21.86223876764859,-1.4592869610047838,0.09450575790742125,-11.500589520802224,11.377385956847629,0.21893222417510763,-0.7409415985257849,1.6620293812177935
64,64000,0.042386234278619414,1000,6.386689742828692,0.36377960443496704,4.895558755456959,7.788213959023258,-143.47378030487886,-0.0016377086715499132,-10.502560338968554,-22.175781147236123,-1.6820661093597087,0.08848718059246631,-11.646275060042559,11.206144836810576,0.21468074407003818,-0.7764367203904174,1.6637484423984543
65,65000,5.745065470666498,1000,6.376818600180043,0.3686526417732239,5.616376577990718,5.881423508515212,-146.27031625797548,-0.007917633460906112,-10.506026917848223,-22.345771625966844,-1.5924230392969911,0.05875817801511619,-11.226080146713398,10.860089299348903,0.21729998600902423,-0.7537639830409674,1.6861888362236408
66,66000,9.3994454243496,1000,6.422615976303824,0.37461626529693604,6.797845914706485,5.049995823416282,-148.98089997104668,0.03680347039846127,-10.419556079949265,-21.785534534349903,-1.6013910428722404,0.06898831459788728,-11.090347981166245,11.076140318318066,0.2053950134809619,-0.7838970773792394,1.641902768182398
67,67000,1.353737731188954,1000,6.346961077123005,0.3793729841709137,5.393222219547229,8.113516114004529,-151.56123078339758,0.03141080365554574,-10.429002643220596,-22.458278925114705,-1.4226447872886676,0.04031050212346186,-11.411773153873945,10.414245133094418,0.20280298782895712,-0.7844430702246208,1.5784996216092233
68,68000,9.01595700525732,1000,6.386211017242628,0.3829967975616455,10.491289658568997,6.791649929393843,-154.50339810203405,0.00165717448149932,-10.495056524796194,-22.360731211643177,-1.7074505523346624,-0.0003251213555001014,-12.049501340456178,10.794265641831807,0.22192005284839422,-0.7573957487068941,1.6765913885135661
69,69000,3.448224541728886,1000,6.343631503104748,0.39236366748809814,9.107404646457738,7.267931920026387,-157.2412586995861,0.0016579185611354532,-10.494139685127287,-22.743109021006113,-1.842302840079791,0.04471405153396742,-11.584133720824282,10.666365471099816,0.22976464796927826,-0.7292894098074315,1.6664550758359575
70,70000,13.39118630594805,1000,6.4443108574310815,0.39389070868492126,7.371998427872412,5.729206225570118,-160.08555705893656,-0.01421857387942417,-10.526995394504176,-21.49198292672034,-1.321774126136116,0.04488892165024167,-11.930910211456679,10.201880304658474,0.2098395210586028,-0.7529210121626586,1.6465718626595351
71,71000,12.621153888440285,1000,6.531308646600225,0.39593979716300964,12.341056300039432,8.565452560435329,-162.73531392179157,0.003477325893669874,-10.496137043863945,-22.138681871622385,-1.7334447137656148,0.12553291906698844,-11.796063597703052,10.568434021342743,0.22332087414099147,-0.8095746426692078,1.569532421232117
72,72000,7.489428354351779,1000,6.54461586476344,0.40256497263908386,6.828063910487455,9.807115868476695,-165.63598868363283,0.018956921956682672,-10.459203429122734,-23.170883667978465,-1.4467939406172627,0.06703336011727778,-10.923092560969533,10.166818347729484,0.22272040713390184,-0.6869565376941874,1.6175953350089973
73,73000,1.2681500200303752,1000,6.472335510726001,0.40813949704170227,8.434829240460916,7.278814079149866,-168.5101089816789,0.045426645147408386,-10.397523214219811,-22.063059758033347,-1.6364699011586896,0.06028811653316931,-11.060987197607872,10.128931434966388,0.21380418625639516,-0.7270921897243594,1.5813265211533079
74,74000,3.832375071793275,1000,6.436660369659342,0.41216611862182617,9.772268318285988,9.233453521492558,-171.35404369011445,0.01714021196258729,-10.462630837455764,-22.321487820037277,-1.64085079140528,0.005226188672900058,-11.041066385802873,10.300554701460223,0.21028086034077956,-0.6973532956148469,1.5407292762476927
75,75000,0.8094411225323352,1000,6.361630779697649,0.41158947348594666,15.528898086017026,6.26220492287643,-174.0974855385858,0.015974971391549478,-10.460198821641216,-22.490836845792433,-1.5977704754925133,0.043556251678530805,-12.473192893431062,10.757861196486799,0.2371585604331487,-0.7080094041558403,1.7201386105908778
76,76000,3.0854088860480657,1000,6.31852259688647,0.4214414954185486,9.168895691031013,6.815802471899042,-176.9979637261672,0.011376460207878924,-10.478872457777054,-21.874265851492527,-1.4245578674491695,0.042804990861100005,-11.45459103371103,10.015599943059131,0.22506220434696572,-0.6940669652935141,1.6391848398835158
77,77000,11.805754531237696,1000,6.3897853492806425,0.42577579617500305,10.615757484284954,9.354793579039848,-179.83246647108226,0.06075579425990006,-10.37340773339541,-21.614835956991175,-1.4488317742755101,0.014704300139406398,-12.106489072188683,10.165030334156125,0.22500074126137573,-0.7045469142376928,1.5877930564492484
78,78000,8.01729141005442,1000,6.410650811598255,0.43258243799209595,7.641266032074611,11.982148840261868,-182.83560392494053,0.005036850587101676,-10.49496425177477,-22.144499746953112,-1.6675996178417982,-0.022729851942875152,-11.845784478451757,10.14654423201494,0.23354742822332633,-0.704714849698242,1.6661364872533437
79,79000,4.604862549769299,1000,6.387792732334597,0.44083958864212036,9.769636310317857,9.620075972244582,-185.66717902417727,0.01308433720617721,-10.467620250927578,-21.647351150762475,-1.6395148186610975,0.039580396052736985,-11.598369045394147,9.991011089927147,0.22597329616513134,-0.6319715639443346,1.5656017526404895
80,80000,3.6021294240530115,1000,6.352971940981077,0.4392646253108978,7.6402350488463835,18.288625692450065,-188.30478879348584,0.018807909263423205,-10.469947035292309,-21.974711514485943,-1.4964066627436186,0.06062512325525773,-11.260963670757961,10.309823935184927,0.22893346952434,-0.7040197484797431,1.5729775714278653
81,81000,1.370307393514725,1000,6.291457563851863,0.4458153247833252,10.551203921221257,13.233569316440589,-191.05070565205648,0.0013227364194170683,-10.496950165609988,-21.916645121151557,-1.8938819840909613,0.07056575643286822,-11.249319651975005,9.844377517372711,0.2136623656979652,-0.6892003599158186,1.5729624832044238
82,82000,10.244310572548345,1000,6.339663088348162,0.4511222839355469,10.457755629859053,12.635814113357595,-193.91506717524967,-0.025518797291283347,-10.544149552239459,-23.119867925466984,-1.8098311102635856,0.07622704132635073,-11.362172421222848,10.539405103581306,0.2325865826523331,-0.5897962164663894,1.6292540166516227
83,83000,1.401875241976096,1000,6.280171668512354,0.4516438841819763,13.618649916902593,11.362854169527846,-196.3926228414243,-0.013345102152165224,-10.533064612330346,-22.247400021115915,-1.5798819781431512,0.028113026984948837,-10.833788170531601,9.884075571962013,0.22273588555707635,-0.6556291601879632,1.5930131236470169
84,84000,3.86705445046528,1000,6.251444082583222,0.45890238881111145,9.728524863040006,9.995438911709178,-199.45959346953794,0.04108516283788601,-10.39250229169275,-22.331691921880648,-1.3816903484278151,0.03444556996205041,-11.292705052024976,10.939413016492031,0.21010497020299254,-0.6583817381148019,1.6584894965945023
85,85000,5.815088883189353,1000,6.2463104920021175,0.46713173389434814,12.333058792305934,13.042633172570193,-202.11872949373662,0.011225281422853112,-10.473373430203143,-22.3652372460692,-1.5944580556677193,0.049800362794801274,-10.560150406379929,10.521927639595443,0.21769127741570427,-0.6598474794148175,1.4914036077216797
86,86000,10.431460059568368,1000,6.29497502185754,0.4696984887123108,9.093699364053307,13.655551037381205,-205.04825892157723,-0.02435751641152984,-10.563898528366808,-22.19897190670057,-1.4722254673451254,0.020102287056158078,-10.685541035116005,9.920526403294124,0.21872040927486247,-0.6392355227634949,1.5969792226719077
87,87000,14.429884781440819,1000,6.3884797317378075,0.4689777195453644,11.012406882309852,9.820711422132648,-207.8522571667321,0.01269419957971453,-10.471881833731125,-22.51716107793974,-1.6226386489922409,0.004673875718831497,-10.658529589442729,10.304221533409224,0.21173115470280088,-0.6740243224181728,1.5382079444633914
88,88000,2.822703034439931,1000,6.3479595419957855,0.4706428050994873,11.88168516009098,9.818446827631718,-210.3558667609019,0.025651625012733856,-10.440191914877442,-21.977336652469546,-1.4501235780884516,0.0032838620974883588,-11.40651456738344,10.191079448365164,0.20353103994777155,-0.692364756161239,1.5860996791070143
89,89000,0.5970883302303539,1000,6.283343011526511,0.4832514226436615,9.884054616484384,13.948622638549605,-213.2507354691118,-0.009452430765146283,-10.518469231944971,-22.27841203211583,-1.52720515729564,0.019430181705205073,-11.130229862244388,9.9152533082774,0.22806668333665933,-0.650877650703985,1.591031641236127
90,90000,4.566911429579075,1000,6.264271549504872,0.4823949635028839,10.178379332191575,21.659021268108148,-216.10324011351221,-0.008616696811174017,-10.522574819308813,-21.88153916693712,-1.7273181373200535,-0.002100031652690495,-11.463348039806691,10.308781634852352,0.24142174026852412,-0.6376179351008715,1.6367497875636874
91,91000,4.778859965211538,1000,6.247948345281868,0.48479944467544556,11.9122991336366,12.843662758784625,-218.59036967130086,0.0002498412896122931,-10.4932731623933,-23.058379812595476,-1.478817042639179,0.06083632586078969,-10.965635955158758,10.720972294869117,0.22934933244547953,-0.6060929930333847,1.611489809134199
92,92000,8.944304676363407,1000,6.277256566271885,0.48896145820617676,17.258556967950813,11.910196422149157,-221.3118520115309,0.016600662748610318,-10.452049230525086,-22.44769384810976,-1.9056360373356545,0.039508133256245116,-11.5493416925199,10.942081366607916,0.2212243861464981,-0.6122143448885109,1.675998252852931
93,93000,15.80098795927109,1000,6.379662280175102,0.4912412166595459,10.890040019883754,22.819375769423445,-223.79162721148387,0.009811515919065884,-10.478492674644611,-22.156860466376326,-1.4729538598005991,0.021462164610926586,-11.727509656438976,10.084863391490705,0.2415145397721436,-0.5806103677142859,1.6575398107652648
94,94000,8.350053787938181,1000,6.400623891959817,0.49917280673980713,11.947544165855462,15.671880761747401,-226.76232426871013,0.0025935576403057032,-10.492127402670064,-22.235929159058852,-1.55301765712722,0.04390293839164091,-11.54331918294618,10.422240781482783,0.23091028620378193,-0.6319016373626869,1.563259069587343
95,95000,3.6077316775527337,1000,6.371225026545004,0.503730833530426,15.724701734456495,12.156634847593883,-229.34756131416677,0.014903420373462914,-10.459241323199045,-22.142825034973246,-1.620882631348095,-0.003650253480220506,-12.012110165147085,10.503065216156095,0.2354205438857897,-0.5600145188431368,1.639168806069834
96,96000,16.00190503908231,1000,6.471544610008935,0.5096408128738403,12.621260547494016,11.636391569645262,-232.12110363999835,0.000872934822033595,-10.493895001865901,-22.430421225883677,-1.920492829528972,0.06361380163664952,-11.90135182931004,10.519512672146497,0.24009296605809083,-0.6281953710503912,1.7070681113081378
97,97000,6.188163613791918,1000,6.468623156439688,0.5140067934989929,14.26089079488171,13.345138888880548,-234.78976036741466,-0.010367584855755573,-10.52749928961421,-22.345517700447026,-1.5267025857424914,-0.01946021359738515,-11.267716014345979,9.651513879530917,0.23137904843499923,-0.627639415736008,1.7069579135983945
98,98000,4.471309655142357,1000,6.44824240642645,0.5165592432022095,15.848998152652683,14.139900527774524,-237.47891470658274,0.01619854430734255,-10.450527542558367,-21.66321802877822,-1.4170628850022633,-0.05345451288382451,-11.755454610726277,9.988008699012056,0.22198790073141286,-0.6682073596633772,1.6724056704451429
99,99000,8.423438584934779,1000,6.4681938829770385,0.5205435156822205,14.835227911156611,14.774616934752336,-240.2482723803658,0.006998873439349158,-10.482446411895744,-21.91224423956711,-1.766121732858975,-0.00552028067316615,-11.303615616183059,10.047361860456009,0.23324833218175442,-0.5953335624708113,1.6017293135759705
100,100000,10.735146641508955,1000,6.510863410562358,0.5199708342552185,13.831223260759126,11.97785758916943,-242.92833068864445,0.00876231238274107,-10.46893676449385,-22.535880239340106,-1.3860706799833555,-0.012210863628632275,-11.867732598514413,9.861423512820737,0.2247622116960249,-0.6429127666160935,1.6503868434475495
101,101000,9.906456051059903,1000,6.512423273025186,0.5239688158035278,18.841095689222836,16.17471423683954,-245.34988777803096,0.0007462572586740861,-10.49828113045212,-22.533175173800785,-1.7252945781830058,-0.018615195982130992,-11.571127656765215,10.119378559868228,0.22229532742367294,-0.6312126352797052,1.5918391962581528
102,102000,12.039494629411342,1000,6.6233564072597115,0.5284143686294556,13.998957624781667,15.149481483011826,-248.08666277597166,0.00442348613911284,-10.488977608500251,-22.05803433017242,-1.6769391406998513,-0.021131018094390497,-11.770285848801155,9.815010717319625,0.22654691896702833,-0.6129692330388793,1.5453513784527309
103,103000,0.3629734086310997,1000,6.552898673098849,0.5329001545906067,19.90730405998988,16.504807113522556,-250.56610110848248,0.007003821624850345,-10.473909730857086,-21.85135582450514,-1.3329364380350235,0.06774373221940137,-12.070889539520266,10.097593026557114,0.23382480574262204,-0.6544976784400187,1.5672850792862474
104,104000,1.4815948863302046,1000,6.466496277242917,0.5399071574211121,14.454484720862983,15.999769357989033,-253.33733170357687,-0.0026818727265276385,-10.52152109387071,-22.148216785326852,-1.3948213596435661,0.03310589135178265,-11.797501416735503,9.966205422265352,0.23509790219917953,-0.6771630402331271,1.6271337623168878
105,105000,5.288836966170409,1000,6.426905861122109,0.5407041311264038,12.932499600350802,28.91218263367068,-255.84215836380096,-0.018208232591898927,-10.562864893731119,-22.210406029244794,-1.7584053285538865,-0.0039148382742482685,-12.111401221124227,9.69076176380835,0.23263614172788877,-0.639446662122476,1.62525106617709
106,106000,8.033240151793796,1000,6.4462216470082865,0.5476630926132202,16.721035202332942,16.99873373722122,-258.51108217266784,0.005436400523375415,-10.484771555823196,-22.02502161354183,-1.6078673008586526,-0.02544250390642163,-12.019076426777922,9.786807989935424,0.22861543073540513,-0.6811546019300789,1.6023901882517175
107,107000,29.370035481036204,1000,6.7359629210817475,0.542736828327179,13.05774610753089,29.81531755921562,-260.70558728452477,-0.009352135727178216,-10.529933995872037,-22.48194575533129,-1.475549978146501,0.009896293536153478,-11.87611654339448,10.046401998487326,0.22722889521335266,-0.6597137887919616,1.5866231978654222
108,108000,12.101614160107875,1000,6.812768439397157,0.5500417351722717,18.301869515978705,20.30569983271388,-263.3277304533301,0.00026758418822338693,-10.503957058448842,-22.040862086384323,-1.7317734273956755,0.04303454007986487,-12.560463589471068,10.282445097271697,0.23231905012725934,-0.6588939465215636,1.7998031968428256
109,109000,4.662716223685935,1000,6.8349770878346945,0.5543857216835022,16.838374356387902,20.22378416776193,-266.1106705023045,0.02463159288389876,-10.423706902844422,-22.125092810674133,-1.5317719017499005,0.015101995060799496,-12.525553853490255,10.078425900905794,0.22292364818329308,-0.622703913928607,1.6647641180822035
110,110000,1.384527246127718,1000,6.734486805736603,0.5602286458015442,19.98860295065587,24.375267294982304,-268.6546049729117,-0.002161191306084321,-10.512066372840954,-22.385605474502043,-1.8348929978746316,0.009818357939778385,-12.375858972703261,10.171717327115072,0.23899209023541979,-0.646113058507294,1.706296548038763
111,111000,7.483571387684338,1000,6.743931469185368,0.56219881772995,25.035430540445073,17.721545891004368,-270.8700590176324,0.014182140134879343,-10.45966588693873,-22.126866700969842,-1.3920253275382795,-0.014346257466342813,-12.162279553661952,9.882989024486472,0.24190823511648085,-0.6345287039404439,1.6432533732781012
112,112000,1.106140937544204,1000,6.69906670074221,0.5618218779563904,17.810608828518962,19.686156444569487,-273.5578921349057,-0.0019464383429876361,-10.501937650389042,-21.876527221345228,-1.3687868723809176,0.09685447529074365,-12.145743160851369,10.528380252546201,0.22413819930905798,-0.6602270736047344,1.5580794442926318
113,113000,4.9723094825128795,1000,6.674192009842766,0.5731216669082642,20.25581128002304,17.557759848713726,-276.06857051033796,0.02681892194161266,-10.397169778400405,-21.880029777516622,-1.689200137250039,0.007571425394814318,-11.66336263463378,9.971935866159182,0.21968395029975346,-0.7373852032748737,1.4694895524224645
114,114000,2.2785885587330013,1000,6.64824358863761,0.5710052251815796,32.550990109175174,18.92330635255786,-278.44717735961746,0.008672195938140522,-10.4748622990281,-22.470553824975212,-1.8521916136864751,0.09891978985010787,-11.870220405080302,10.082563893224581,0.2379883290626255,-0.7174069010696421,1.5842379525347157
115,115000,9.771856784543711,1000,6.6775173769671365,0.5700975656509399,15.47157366774293,34.9924079234195,-280.50782336520217,-0.009999231700539755,-10.528092976848173,-22.253519509659256,-1.763979934961589,0.08282545527819687,-11.403834681508378,10.11717812185895,0.24085669494460168,-0.7126371774429852,1.5204828048517212
116,116000,7.218902913440707,1000,6.728578037764831,0.5739580988883972,19.620144863037154,17.136457658448926,-283.3463382440991,0.023232131194128897,-10.426216110144892,-22.179821415692466,-1.7170948548553684,0.059888732494159366,-11.587464566038507,10.243630724358535,0.22824273775510925,-0.7830123190506791,1.5354861923299128
117,117000,6.590838734041505,1000,6.766645583356227,0.5821641087532043,19.08607998213067,21.66482073174243,-285.52575221189164,-0.0028688771201756964,-10.510139016832804,-21.578408763598603,-1.7937230722312156,0.028542147936035454,-12.147459291369902,10.411662499612705,0.24056545346896785,-0.7905375794799848,1.5976362987281332
118,118000,10.917169513752478,1000,6.821300931690796,0.5799536108970642,18.416552996418353,26.420402102056453,-288.27385974368775,-0.0037360821849216613,-10.528888733601384,-22.24023511543396,-1.5481100139764834,0.0426446244660153,-12.036875216107818,9.98369470071542,0.2370666960726627,-0.7590766101776858,1.591580463069959
119,119000,11.259975284386588,1000,6.878650220008617,0.5858861804008484,19.84359612076444,21.24615785617522,-290.4030994802193,0.004544442000752836,-10.478732647907233,-22.00733074065058,-1.599965448635957,0.06251718131242,-12.612198694193127,10.05141723444714,0.23366277415332282,-0.7959535773923018,1.5513290803047501
120,120000,11.32293541656496,1000,6.941539400508738,0.5858514904975891,20.10424039772313,17.940658990471942,-292.8470896865888,0.001980090593363206,-10.485308202576451,-22.24213265826782,-1.7245309267300897,0.06756508000919632,-12.470509682223096,10.136443078169656,0.2397356445569376,-0.7848577622409447,1.6440467732473234
121,121000,3.9573760926631922,1000,6.974144044706679,0.5860128402709961,20.81341863102379,16.732069248893364,-295.22881123153354,-0.005868723608159442,-10.51868178681375,-21.770002550691313,-1.6516227753492012,0.03293178397664787,-12.699651817042694,9.642568633506517,0.23710643305672843,-0.7794337429199283,1.6075450018649342
122,122000,5.98773836860183,1000,6.9640527669363985,0.5951099991798401,23.013484108874923,24.244239129876675,-297.53678696022547,0.00010571415960864035,-10.50642688416119,-21.887330947895336,-1.722411991847237,0.059992207436965254,-13.266527984967592,9.52420403754801,0.2433634619778465,-0.7640732798739222,1.5518015750248753
123,123000,15.390342347019178,1000,7.066760626335472,0.5850091576576233,24.983050248164027,22.550921285832924,-299.29839032834553,-0.0010149262121179727,-10.501904234656916,-22.26106909994568,-1.6634570642649598,0.02940704072390489,-12.755096059878959,9.457794319101414,0.23633504916840653,-0.83338574691235,1.5837779508646608
124,124000,8.621173487950587,1000,7.061427580761839,0.5931890606880188,22.504833606632566,17.352524984259013,-301.9833449909122,0.00709316803673422,-10.480628316712016,-22.130748000304706,-1.5197073998673156,0.035833397284899926,-13.14258734729351,9.509089376421207,0.22989120890451545,-0.8713133580713278,1.6689309891802966
125,125000,1.0204310735532953,1000,6.979293223809815,0.5947589874267578,18.08973077041561,39.051395428521865,-303.84584621248047,-0.0024853126593415487,-10.517504489381425,-22.33731022360507,-1.5337925752793573,0.031025946556501247,-12.923829429732374,9.723886202716963,0.2416434615262502,-0.8847028510629008,1.631098775482741
126,126000,10.439994916895643,1000,6.974061578188984,0.6015084385871887,25.030058969509273,25.51007813085752,-306.2423069978826,0.0078041584049562416,-10.470024097294017,-21.71852173954042,-1.630109501620683,0.04293345260377369,-12.533195726347987,9.724907245895608,0.24069136577667039,-0.9156020051085186,1.6307099715982123
127,127000,2.8113823502722703,1000,6.953292864787171,0.6052330732345581,21.956312991193197,27.81776238161151,-308.3224352888152,0.0033963017155009246,-10.485086585068489,-22.5246721116708,-1.5794177640529226,-0.012047603325698653,-13.557982079731378,9.341256682675057,0.24401228925897472,-0.9752059407733207,1.7518297800920029
128,128000,7.6805275610909565,1000,6.975689998906166,0.6072921752929688,23.654910198923105,19.439580661729714,-310.6926984679716,0.004217984086710631,-10.49051303968132,-21.897418436560255,-1.4290688647544953,0.03188177918327791,-12.653903887733833,9.209606961224999,0.22853111484959648,-1.0694904191814514,1.5797068338923719
129,129000,5.070628431321985,1000,6.952411724141609,0.6127021908760071,31.767911585091074,24.93815674916039,-312.62628705061724,-0.012675510326937908,-10.54437546869645,-22.351965163197402,-1.809770535208536,0.01998844314908341,-13.361447889082267,9.886718348185992,0.23673432914090453,-1.1062677877563232,1.6763097648007317
130,130000,4.67354634015886,1000,6.996401421040706,0.6184430122375488,28.570387021006937,26.599874062057243,-315.3562479564013,0.008746916029768563,-10.471699867228141,-22.57853283569875,-1.3799904407160486,0.053077782897381506,-12.7505883071583,9.586484935052269,0.22796543329237898,-1.081707288716098,1.627647402219613
131,131000,10.758637796455155,1000,7.092919820002306,0.6398535966873169,25.349689962285968,24.401736546516847,-318.53642401213295,0.021632639699533208,-10.40352167212091,-21.812520349465352,-1.089938479445777,0.026162524887782423,-12.603652006291648,9.819785286881457,0.21823200169539075,-1.203274168941297,1.6149232320853069
132,132000,3.7095963942846457,1000,7.031727015990865,0.6530328989028931,28.962880486559538,24.63832575713397,-321.35607062190104,0.00023354724380456895,-10.496450529832579,-21.827182495050003,-1.4815869560382822,0.05752082129353144,-12.849454560699822,9.650346333846217,0.2295179812780012,-1.2048943352177914,1.6254654013393413
133,133000,2.7528191011609926,1000,7.0418521066267115,0.670809268951416,24.54932859329849,31.481828797409342,-324.781729241836,0.0026882949721932945,-10.484689330709552,-22.527394554353346,-1.5977157681188807,0.0754700037209121,-12.45845176783894,9.593463924227324,0.2318937477441467,-1.162785081329036,1.6074514655873968
134,134000,6.696834199634281,1000,7.028366553570358,0.6890862584114075,31.41034251283355,30.14819650421732,-328.2870854596675,0.01185507891363378,-10.449605397590066,-21.764712725195935,-1.2254008749393355,0.08251056939359477,-12.273137628487127,10.207448292718198,0.2521957105640858,-1.2409166857192941,1.622899508590659
135,135000,6.672644762404524,1000,7.088397949959125,0.7249609231948853,37.343209004431884,33.161647373886105,-332.4732130063265,0.01042823389438543,-10.432661778719973,-22.88712571006743,-1.4604831998209804,0.16319575858982452,-11.372359668798408,10.33867934244967,0.2681725099113612,-1.2748397575001946,1.5724904204879904
136,136000,3.696086142246413,1000,7.020158980136874,0.7713619470596313,36.795614671229984,32.785419951532646,-338.56957052046533,0.016139553989729064,-10.382285197738556,-22.446942956753162,-0.8684468647504304,0.21149179154155964,-10.874851183539345,10.677427354805436,0.2728912662989631,-1.4090044856641226,1.6117531819811917
137,137000,2.727645715876572,1000,6.986353300680056,0.8586717844009399,41.124201566586734,42.686594806712435,-346.05415184780475,0.004206208863338121,-10.441349664235666,-23.276590689875476,-1.193210642499047,0.29628465127802067,-10.754221672764768,10.715668926241564,0.3079041108788166,-1.4693315748614724,1.675383136265545
138,138000,11.89167525407012,1000,7.062513824813201,0.9548699259757996,61.30509303481402,53.39001388426365,-356.7021837827783,0.0038241213101164974,-10.355044400902498,-23.207613119405735,-0.8960869574750981,0.2654365352133679,-10.430873043434646,10.906158901299197,0.30752270735460874,-1.6835062452766973,1.6948304316913874
139,139000,5.423786744547955,1000,6.972970578330107,1.0642448663711548,68.77760837163135,67.95960420834531,-369.79498602271974,-0.0020768381352821233,-10.434618611492473,-22.91690905011553,-0.7792195348962692,0.34882221210048847,-10.669195016640947,10.720877981350018,0.297174886161629,-1.929591050349319,1.6369362930212594
140,140000,3.4100666884354793,1000,6.906468178630408,1.2010958194732666,88.19569249406193,83.06305429355903,-387.28870291762365,-0.004561828667994759,-10.455516789535755,-22.46199428515074,-0.894411491105372,0.3226646353077369,-10.310882118603615,10.232444400448264,0.2931121092298805,-2.014464247894065,1.6346136800373217
141,141000,14.059535108936215,1000,6.9894629971474505,1.3486813306808472,116.57876034256815,108.774716216017,-407.21838848854816,-0.01735913148935521,-10.381036667377222,-22.445210460088873,-0.7344834424512933,0.2208227945488034,-10.577529972510339,10.21455235318804,0.3056951009597941,-2.3616425566753643,1.6246182236013589
142,142000,3.2106561004855907,1000,6.994453518997307,1.4714422225952148,133.741710031769,127.34555196363846,-430.7167831820849,-0.013514557490023655,-10.437456276132234,-22.259227870179043,-0.4702936307161235,0.1438095621980725,-10.371326676289254,9.88830433560581,0.31186950290479404,-2.7228309687892422,1.7945395309305232
143,143000,1.9189466596899565,1000,6.922056804146182,1.6459404230117798,155.291199622904,165.01204246333174,-454.95307566261516,-0.034233255564034885,-10.36166741136703,-22.59857903961263,-0.49655790594936217,0.05995901846360665,-10.032368556902153,9.670665527436991,0.32596578850970553,-2.6506861397381547,1.7557362196999977
144,144000,5.793303518559497,1000,6.878076111947945,1.8184736967086792,180.23202480399033,181.35760738729945,-483.60490742645095,-0.07114413816571424,-10.269332460951823,-22.516396703525626,-0.3691212370548038,-0.06316504618120772,-10.812748724648147,9.526767254908368,0.3213543977136637,-3.3346684107030913,1.7764247204696118
145,145000,9.3829718292383,1000,6.8370901845154,1.9610496759414673,215.97568406053844,220.4644275984631,-514.2559772791179,-0.03450483427381341,-10.406746027360223,-22.868916315842775,-0.28545348912991425,-0.035014620735596184,-10.28281529702032,9.169575564748877,0.3079868108174232,-3.228488460285322,1.708832204466092
146,146000,3.5318468962687053,1000,6.8587388685139095,2.1043686866760254,254.46268818799334,258.6463950337974,-547.2290571098066,-0.003575759029973511,-10.498603992071756,-22.68126536850162,-0.46750649102499037,-0.04313451636582935,-9.846126086666034,9.05596893582736,0.3141965706249363,-2.997502817483991,1.6335344165024959
147,147000,8.689131572028566,1000,6.860135714394832,2.2822790145874023,304.9091108202117,285.14276596872986,-584.1661093184939,-0.042189068045424376,-10.383944923702147,-22.07972603408045,-0.5923458721885312,-0.007743217989511889,-9.17904059288617,9.525882101761185,0.3196785335067515,-3.0839516109146317,1.6206538111901885
148,148000,2.853528498168404,1000,6.722670304487826,2.4367668628692627,341.2120888327987,327.76713196848556,-622.4534456389976,-0.013447588341750543,-10.477856833908403,-23.37247948571352,-0.527952222969198,0.006960820253777206,-9.466000395432268,9.518495464884449,0.31102479549390155,-2.9722194757497955,1.6245227892555638
149,149000,5.265398873181631,1000,6.694143353295026,2.5783894062042236,379.7597249675771,364.57309445628664,-661.7645546693825,-0.013810577731035306,-10.469593687086471,-22.023929609780843,-0.46241473596244054,0.02842193174510075,-8.940581691626042,9.351991902827333,0.305771779394307,-3.1096711775823005,1.5650799063612832
150,150000,7.697521467274769,1000,6.76089453640757,2.652491807937622,433.3046677229583,419.7422420884014,-701.30998795311,-0.011314758859622447,-10.481575108500888,-22.600385522926523,-0.3522636332895581,0.030836254556861054,-9.551595606615827,9.791906427510014,0.31647252001781523,-3.374231450474327,1.6539500228077428
